-- SQL Dump of Agenda.mdb
-- generated by MDB Viewer 2.2.7
-- optimized for MySQL

SET NAMES 'UTF8';



DROP TABLE IF EXISTS `_STRUTTURA_`;

CREATE TABLE `_STRUTTURA_` (
    `F_STT_ID` INTEGER PRIMARY KEY,
    `F_STT_DATCRE` DATETIME,
    `F_STT_DATAGG` DATETIME,
    `F_STT_VERSIO` INTEGER,
    `F_STT_OLDVER` INTEGER,
    `F_STT_ARCPUB` BOOLEAN,
    `F_STT_TEMPOR` BOOLEAN,
    `F_STT_ARCPRI` BOOLEAN,
    `F_STT_ESTERN` BOOLEAN
) CHARACTER SET 'UTF8';

INSERT INTO `_STRUTTURA_`(`F_STT_ID`,`F_STT_DATCRE`,`F_STT_DATAGG`,`F_STT_VERSIO`,`F_STT_OLDVER`,`F_STT_ARCPUB`,`F_STT_TEMPOR`,`F_STT_ARCPRI`,`F_STT_ESTERN`)
VALUES(1,NULL,NULL,219,0,TRUE,FALSE,FALSE,FALSE);



DROP TABLE IF EXISTS `Appuntamenti`;

CREATE TABLE `Appuntamenti` (
    `Id` INTEGER PRIMARY KEY,
    `Inserimento` DATETIME,
    `Appuntamento` DATETIME,
    `IdStato` INTEGER,
    `IdPriorita` INTEGER,
    `IdCategoria` INTEGER,
    `Oggetto` VARCHAR(255),
    `Testo` LONGTEXT,
    `Promemoria` DATETIME,
    `Avvisato` BOOLEAN,
    `Chiusura` DATETIME,
    `Annotazioni` LONGTEXT,
    `EmailAvviso` BOOLEAN,
    `EmailA` LONGTEXT,
    `EmailCC` LONGTEXT,
    `IdProprietario` INTEGER,
    `IdCategoriaGenerica` INTEGER,
    `idGCalendario` VARCHAR(255),
    `idGAppuntamento` VARCHAR(255),
    `Pubblico` INTEGER,
    `DataFine` DATETIME,
    `DataModifica` DATETIME,
    `DaAggiornare` INTEGER,
    `Cancellato` BOOLEAN
) CHARACTER SET 'UTF8';

INSERT INTO `Appuntamenti`(`Id`,`Inserimento`,`Appuntamento`,`IdStato`,`IdPriorita`,`IdCategoria`,`Oggetto`,`Testo`,`Promemoria`,`Avvisato`,`Chiusura`,`Annotazioni`,`EmailAvviso`,`EmailA`,`EmailCC`,`IdProprietario`,`IdCategoriaGenerica`,`idGCalendario`,`idGAppuntamento`,`Pubblico`,`DataFine`,`DataModifica`,`DaAggiornare`,`Cancellato`)
VALUES(4,'2017-01-27 10:38:00','2017-01-27 00:00:00',1,5,10,'Prevista consegna autorizzata EJ273LJ - LEASYS','Prevista consegna autorizzata da LEASYS per il veicolo  FIAT Doblò dal 2009  targato  EJ273LJ  di proprietà:\nLEASYS S.P.A\nC.SO AGNELLI, 200\n10135 TORINO TO\nTelefono: 06/861323\nEmail: preventivicar@leasys.com\n','2017-01-26 00:00:00',FALSE,NULL,'',FALSE,'','',0,0,'','',1,'2017-01-27 00:00:00','2017-01-27 10:38:00',2,FALSE),
      (5,'2017-01-27 16:59:00','2017-02-03 00:00:00',1,5,10,'Prevista consegna autorizzata FF949LM - LEASYS','Prevista consegna autorizzata da LEASYS per il veicolo  JEEP Grand Cherokee dal 05/2013 fino al 11/2016  targato  FF949LM  di proprietà:\nLEASYS S.P.A\nC.SO AGNELLI, 200\n10135 TORINO TO\nTelefono: 06/861323\nEmail: preventivicar@leasys.com\n','2017-02-02 00:00:00',FALSE,NULL,'',FALSE,'','',0,0,'','',1,'2017-02-03 00:00:00','2017-01-27 16:59:00',2,FALSE),
      (6,'2017-01-30 09:20:00','2017-02-20 14:58:00',1,5,10,'Prevista consegna autorizzata FF474LG - LEASYS','Prevista consegna autorizzata da LEASYS per il veicolo  JEEP Renegade dal 2014  targato  FF474LG  di proprietà:\nLEASYS S.P.A\nC.SO AGNELLI, 200\n10135 TORINO TO\nTelefono: 06/861323\nEmail: preventivicar@leasys.com\n','2017-02-19 14:58:00',FALSE,NULL,'',FALSE,'','',0,0,'','',1,'2017-02-20 14:58:00','2017-02-20 11:26:00',2,FALSE),
      (7,'2017-01-31 15:12:00','2017-02-05 00:00:00',1,5,10,'Prevista consegna autorizzata FF188AC - LEASYS','Prevista consegna autorizzata da LEASYS per il veicolo  FIAT 500 X dal 2014  targato  FF188AC  di proprietà:\nLEASYS S.P.A\nC.SO AGNELLI, 200\n10135 TORINO TO\nTelefono: 06/861323\nEmail: preventivicar@leasys.com\n','2017-02-04 00:00:00',FALSE,NULL,'',FALSE,'','',0,0,'','',1,'2017-02-05 00:00:00','2017-01-31 15:12:00',2,FALSE),
      (8,'2017-01-31 15:52:00','2017-02-02 00:00:00',1,5,10,'Prevista consegna autorizzata FF578AC - LEASYS','Prevista consegna autorizzata da LEASYS per il veicolo  ALFA ROMEO Giulietta dal 02/2016  targato  FF578AC  di proprietà:\nLEASYS S.P.A\nC.SO AGNELLI, 200\n10135 TORINO TO\nTelefono: 06/861323\nEmail: preventivicar@leasys.com\n','2017-02-01 00:00:00',FALSE,NULL,'',FALSE,'','',0,0,'','',1,'2017-02-02 00:00:00','2017-02-01 14:40:00',2,FALSE),
      (9,'2017-02-02 10:17:00','2017-02-17 00:00:00',1,5,10,'Prevista consegna autorizzata EW884DE - LEASYS','Prevista consegna autorizzata da LEASYS per il veicolo  JEEP Cherokee dal 2014  targato  EW884DE  di proprietà:\nLEASYS S.P.A\nC.SO AGNELLI, 200\n10135 TORINO TO\nTelefono: 06/861323\nEmail: preventivicar@leasys.com\n','2017-02-16 00:00:00',FALSE,NULL,'',FALSE,'','',0,0,'','',1,'2017-02-17 00:00:00','2017-02-02 10:17:00',2,FALSE),
      (10,'2017-02-09 11:43:00','2016-10-28 00:00:00',3,5,10,'Prevista consegna autorizzata EJ276LJ - LEASYS','Prevista consegna autorizzata da LEASYS per il veicolo  FIAT Doblò dal 2009  targato  EJ276LJ  di proprietà:\nLEASYS S.P.A\nC.SO AGNELLI, 200\n10135 TORINO TO\nTelefono: 06/861323\nEmail: preventivicar@leasys.com\n','2016-10-27 00:00:00',FALSE,'2017-02-03 16:10:00','',FALSE,'','',0,0,'','',1,'2016-10-28 00:00:00','2017-02-09 11:44:00',2,FALSE),
      (11,'2017-02-10 11:59:00','2017-02-23 00:00:00',1,5,10,'Prevista consegna autorizzata FE331ZR - LEASYS','Prevista consegna autorizzata da LEASYS per il veicolo  TOYOTA Auris dal 05/2015  targato  FE331ZR  di proprietà:\nLEASYS S.P.A\nC.SO AGNELLI, 200\n10135 TORINO TO\nTelefono: 06/861323\nEmail: preventivicar@leasys.com\n','2017-02-22 00:00:00',FALSE,NULL,'',FALSE,'','',0,0,'','',1,'2017-02-23 00:00:00','2017-02-10 11:59:00',2,FALSE),
      (12,'2017-02-15 15:50:00','2017-02-17 00:00:00',1,5,10,'Prevista consegna autorizzata EX547FF - LEASYS','Prevista consegna autorizzata da LEASYS per il veicolo  FIAT Ducato dal 2014  targato  EX547FF  di proprietà:\nLEASYS S.P.A\nC.SO AGNELLI, 200\n10135 TORINO TO\nTelefono: 06/861323\nEmail: preventivicar@leasys.com\n','2017-02-16 00:00:00',FALSE,NULL,'',FALSE,'','',0,0,'','',1,'2017-02-17 00:00:00','2017-02-21 14:04:00',2,FALSE),
      (13,'2017-02-20 14:12:00','2017-02-22 08:00:00',1,5,10,'Prevista consegna autorizzata EP748XA - ATHLON','Prevista consegna autorizzata da ATHLON per il veicolo  ALFA ROMEO Giulietta dal 2010 fino al 05/2014  targato  EP748XA  di proprietà:\nATHLON CAR LEASE ITALY SRL\nVIA CARLO PESENTI, 109\n00100 ROMA RM\n','2017-02-21 08:00:00',FALSE,NULL,'',FALSE,'','',0,0,'','',1,'2017-02-22 08:00:00','2017-02-20 14:15:00',2,FALSE),
      (14,'2017-02-21 09:55:00','2017-02-28 00:00:00',1,5,10,'Prevista consegna autorizzata FB345SN - LEASYS','Prevista consegna autorizzata da LEASYS per il veicolo  FORD Transit dal 2006 fino al 2013  targato  FB345SN  di proprietà:\nLEASYS S.P.A\nC.SO AGNELLI, 200\n10135 TORINO TO\nTelefono: 06/861323\nEmail: preventivicar@leasys.com\n','2017-02-27 00:00:00',FALSE,NULL,'',FALSE,'','',0,0,'','',1,'2017-02-28 00:00:00','2017-02-21 09:55:00',2,FALSE),
      (15,'2017-02-21 16:34:00','2017-02-20 11:15:00',1,5,10,'Prevista consegna autorizzata FH102DA - ATHLON','Prevista consegna autorizzata da ATHLON per il veicolo  MERCEDES-BENZ Classe A W176 dal 06/2015  targato  FH102DA  di proprietà:\nATHLON CAR LEASE ITALY SRL\nVIA CARLO PESENTI, 109\n00100 ROMA RM\n','2017-02-19 11:15:00',FALSE,NULL,'',FALSE,'','',0,0,'','',1,'2017-02-20 11:15:00','2017-02-21 16:34:00',2,FALSE),
      (16,'2017-02-22 14:31:00','2016-10-03 00:00:00',3,5,10,'Prevista consegna autorizzata EX547FF - LEASYS','Prevista consegna autorizzata da LEASYS per il veicolo  FIAT Ducato dal 2014  targato  EX547FF  di proprietà:\nLEASYS S.P.A\nC.SO AGNELLI, 200\n10135 TORINO TO\nTelefono: 06/861323\nEmail: preventivicar@leasys.com\n','2016-10-02 00:00:00',FALSE,'2017-02-22 07:44:00','',FALSE,'','',0,0,'','',1,'2016-10-03 00:00:00','2017-02-22 14:31:00',2,FALSE),
      (17,'2017-09-25 12:57:00','2017-09-27 12:57:00',1,7,999999,'9890 arval Presunta accettazione FH017YG','Presunta accettazione del veicolo  FIAT Ducato dal 2014  targato  FH017YG  di proprietà:\nORASESTA SPA\nVIA OSLAVA 17/8\n20100 MILANO MI\n','2017-09-26 00:00:00',FALSE,NULL,'',FALSE,'','',0,0,'','',1,'2017-09-27 12:57:00','2017-09-25 12:59:00',2,FALSE),
      (18,'2017-09-25 16:41:00','2017-10-02 16:41:00',1,5,7,'1668 ARVAL ? Presunta accettazione ','Presunta accettazione del veicolo  MERCEDES-BENZ Serie A 169 dal 2005  targato    di proprietà:\n-+PARLATO CON IVAN PASSERA CON UN ALTRA VETTUTRA\n\n\n  \n','2017-10-02 09:00:00',FALSE,NULL,'',FALSE,'GI','',0,0,'','',1,'2017-10-02 18:41:00','2017-09-25 16:43:00',2,FALSE),
      (19,'2017-11-20 11:26:00','2017-11-20 11:26:00',1,5,7,'accettazione  girardi FF034SY','Presunta accettazione del veicolo  NISSAN Qashqai J11E dal 2013 fino al 05/2017  targato  FF034SY  di proprietà:\nARVAL SERVICE\nVIA SETTE REGOLE, 21\n50018 SCANDICCI FI\nEmail: winity.user@arval.it\n','2017-11-19 00:00:00',FALSE,NULL,'',FALSE,'','',0,0,'','',1,'2017-11-20 11:26:00','2017-11-20 11:26:00',2,FALSE),
      (20,'2017-12-06 15:37:00','2017-12-11 15:36:00',1,5,7,'Presunta accettazione fiorino kone -EP988MG-ARVAL (noleggio scade il 20 dicembre )','Presunta accettazione del veicolo  FIAT Freemont dal 2011 fino al 11/2016  targato  EP988MG  di proprietà:\nARVAL SERVICE\nVIA SETTE REGOLE, 21\n50018 SCANDICCI FI\nEmail: winity.user@arval.it\n','2017-12-07 15:38:00',FALSE,NULL,'',FALSE,'carrozzeria@splendorsrl.it','',0,0,'','',1,'2017-12-11 15:36:00','2017-12-06 15:40:00',2,FALSE),
      (21,'2017-12-06 16:59:00','2017-12-04 16:52:00',1,5,9,'ducato arval FB052EB in sede non marciante(leggere contenuto)','attesa documenti e contatto di Ilaria x aggiornamento banca dati rfm , per fare il preventivo,\nin oltre attendiamo il libretto via mail dall\'utilizzatrice entro domani , se no contattare\n\nivan','2017-12-03 00:00:00',FALSE,NULL,'',FALSE,'carrozzeria@splendorsrl.it','',0,0,'','',1,'2017-12-04 16:52:00','2017-12-06 17:06:00',2,FALSE),
      (22,'2017-12-06 18:03:00','2018-01-08 08:03:00',1,3,7,'10137 Presunta accettazione fiorino arval EX343EB (LAVORO VELOCE DI UN PAIO D ORE SALVO DANNI OCULTI)','Presunta accettazione del veicolo  FIAT Fiorino dal 11/2007 fino al 05/2016  targato  EX343EB  di proprietà:\nARVAL SERVICE\nVIA SETTE REGOLE, 21\n50018 SCANDICCI FI\nEmail: winity.user@arval.it\n','2018-01-05 18:07:00',FALSE,NULL,'',FALSE,'carrozzeria@splendorsrl.it','',0,0,'','',1,'2018-01-08 08:03:00','2017-12-06 18:07:00',2,FALSE),
      (23,'2018-01-31 16:54:00','2018-01-31 00:00:00',3,5,10,'Prevista consegna autorizzata FA979TS - LEASYS','Prevista consegna autorizzata da LEASYS per il veicolo  FIAT 500 L Living dal 2013  targato  FA979TS  di proprietà:\nLEASYS S.P.A\nC.SO AGNELLI, 200\n10135 TORINO TO\nTelefono: 06/861323\nEmail: preventivicar@leasys.com\n','2018-01-30 00:00:00',FALSE,'2018-01-31 11:19:00','',FALSE,'','',0,0,'','',1,'2018-01-31 00:00:00','2018-01-31 16:54:00',2,FALSE),
      (24,'2018-03-26 09:26:00','2018-03-30 14:33:00',1,5,10,'Prevista consegna autorizzata EZ825BH - ATHLON','Prevista consegna autorizzata da ATHLON per il veicolo  VOLVO V60 dal 03/2015  targato  EZ825BH  di proprietà:\nATHLON CAR LEASE ITALY SRL\nVIA GOITO, 58/A\n00100 ROMA RM\n','2018-03-29 14:33:00',FALSE,NULL,'',FALSE,'','',0,0,'','',1,'2018-03-30 14:33:00','2018-03-26 09:26:00',2,FALSE);



DROP TABLE IF EXISTS `Categorie`;

CREATE TABLE `Categorie` (
    `id` INTEGER,
    `Categoria` VARCHAR(50)
) CHARACTER SET 'UTF8';

INSERT INTO `Categorie`(`id`,`Categoria`)
VALUES(1,'Revisione veicolo'),
      (2,'Prevista consegna veicolo'),
      (3,'Noleggio veicolo'),
      (999999,'Generico'),
      (4,'Scadenza certificato medico'),
      (5,'Trattative lesioni'),
      (6,'Scadenza referto medico'),
      (7,'Presunta accettazione veicolo'),
      (8,'Scadenza polizza assicurativa'),
      (9,'Effettuare preventivo'),
      (10,'Prevista consegna veicolo autorizzata'),
      (11,'Prevista consegna ricambi');



DROP TABLE IF EXISTS `CategorieGeneriche`;

CREATE TABLE `CategorieGeneriche` (
    `id` INTEGER PRIMARY KEY,
    `CategoriaGenerica` VARCHAR(200)
) CHARACTER SET 'UTF8';




DROP TABLE IF EXISTS `Priorita`;

CREATE TABLE `Priorita` (
    `id` INTEGER PRIMARY KEY,
    `Priorita` VARCHAR(50)
) CHARACTER SET 'UTF8';

INSERT INTO `Priorita`(`id`,`Priorita`)
VALUES(3,'Bassa'),
      (5,'Normale'),
      (7,'Alta');



DROP TABLE IF EXISTS `Progressivo`;

CREATE TABLE `Progressivo` (
    `Id` INTEGER PRIMARY KEY
) CHARACTER SET 'UTF8';

INSERT INTO `Progressivo`(`Id`)
VALUES(1),
      (2),
      (3),
      (4),
      (5),
      (6),
      (7),
      (8),
      (9),
      (10),
      (11),
      (12),
      (13),
      (14),
      (15),
      (16),
      (17),
      (18),
      (19),
      (20),
      (21),
      (22),
      (23),
      (24);



DROP TABLE IF EXISTS `Proprietari`;

CREATE TABLE `Proprietari` (
    `id` INTEGER,
    `Proprietario` VARCHAR(50)
) CHARACTER SET 'UTF8';




DROP TABLE IF EXISTS `Stati`;

CREATE TABLE `Stati` (
    `Id` INTEGER PRIMARY KEY,
    `Stato` VARCHAR(50)
) CHARACTER SET 'UTF8';

INSERT INTO `Stati`(`Id`,`Stato`)
VALUES(1,'Aperto'),
      (2,'In corso'),
      (3,'Completato'),
      (4,'In attesa'),
      (5,'Rinviato');


